day,precipmm,se_flux,Sorghum,Sorghum + Rye
2023-01-01,0,NA,NA,NA
2023-01-02,0,NA,NA,NA
2023-01-03,27.4,NA,NA,NA
2023-01-04,1.3,NA,NA,NA
2023-01-05,2,NA,NA,NA
2023-01-06,0,NA,NA,NA
2023-01-07,0,NA,NA,NA
2023-01-08,0,NA,NA,NA
2023-01-09,0,NA,NA,NA
2023-01-10,0,NA,NA,NA
2023-01-11,0,NA,NA,NA
2023-01-12,0,NA,NA,NA
2023-01-13,0,NA,NA,NA
2023-01-14,0,NA,NA,NA
2023-01-15,0,NA,NA,NA
2023-01-16,2,NA,NA,NA
2023-01-17,2.8,NA,NA,NA
2023-01-18,0,NA,NA,NA
2023-01-19,15.5,NA,NA,NA
2023-01-20,0.5,NA,NA,NA
2023-01-21,0,NA,NA,NA
2023-01-22,2.5,NA,NA,NA
2023-01-23,0,NA,NA,NA
2023-01-24,0,NA,NA,NA
2023-01-25,0.3,NA,NA,NA
2023-01-26,0,NA,NA,NA
2023-01-27,0.3,NA,NA,NA
2023-01-28,0,NA,NA,NA
2023-01-29,2,NA,NA,NA
2023-01-30,0,NA,NA,NA
2023-01-31,0,NA,NA,NA
2023-02-01,0,NA,NA,NA
2023-02-02,0,NA,NA,NA
2023-02-03,0,NA,NA,NA
2023-02-04,0,NA,NA,NA
2023-02-05,0,NA,NA,NA
2023-02-06,0,NA,NA,NA
2023-02-07,0,NA,NA,NA
2023-02-08,0,NA,NA,NA
2023-02-09,0,NA,NA,NA
2023-02-10,0.8,NA,NA,NA
2023-02-11,0,NA,NA,NA
2023-02-12,0,NA,NA,NA
2023-02-13,0,NA,NA,NA
2023-02-14,0,NA,NA,NA
2023-02-15,18.3,NA,NA,NA
2023-02-16,0,NA,NA,NA
2023-02-17,7.4,NA,NA,NA
2023-02-18,0,NA,NA,NA
2023-02-19,0,NA,NA,NA
2023-02-20,0,NA,NA,NA
2023-02-21,0,NA,NA,NA
2023-02-22,0,NA,NA,NA
2023-02-23,6.9,NA,NA,NA
2023-02-24,0,NA,NA,NA
2023-02-25,0,NA,NA,NA
2023-02-26,0,NA,NA,NA
2023-02-27,34.3,NA,NA,NA
2023-02-28,0.3,NA,NA,NA
2023-03-01,0,NA,NA,NA
2023-03-02,0,NA,NA,NA
2023-03-03,0,NA,NA,NA
2023-03-04,0,NA,NA,NA
2023-03-05,0,NA,NA,NA
2023-03-06,0.5,NA,NA,NA
2023-03-07,0,NA,NA,NA
2023-03-08,0,NA,NA,NA
2023-03-09,1.3,NA,NA,NA
2023-03-10,10.4,NA,NA,NA
2023-03-11,0,NA,NA,NA
2023-03-12,10.9,NA,NA,NA
2023-03-13,0,NA,NA,NA
2023-03-14,0,NA,NA,NA
2023-03-15,0,0.677563096574263,1.179359657856,NA
2023-03-16,0,NA,NA,NA
2023-03-17,6.4,NA,NA,NA
2023-03-18,0,NA,NA,NA
2023-03-19,0,NA,NA,NA
2023-03-20,0,NA,NA,NA
2023-03-21,0,NA,NA,NA
2023-03-22,0,0.7604814747580004,2.2053954143725716,NA
2023-03-22,0,0.4136038434788818,NA,0.9032472615599999
2023-03-23,1.3,NA,NA,NA
2023-03-24,0,NA,NA,NA
2023-03-25,0,NA,NA,NA
2023-03-26,0.8,NA,NA,NA
2023-03-27,5.1,NA,NA,NA
2023-03-28,0,NA,NA,NA
2023-03-29,0,0.3091570975751859,0.6354346754160001,NA
2023-03-29,0,0.4479350134422384,NA,2.056577988672
2023-03-30,0,NA,NA,NA
2023-03-31,3,NA,NA,NA
2023-04-01,3.6,NA,NA,NA
2023-04-02,0,NA,NA,NA
2023-04-03,0,NA,NA,NA
2023-04-04,0,NA,NA,NA
2023-04-05,4.3,3.2422628021697517,3.9120545019600006,NA
2023-04-05,4.3,3.1112169550232283,NA,3.80495367108
2023-04-06,0,NA,NA,NA
2023-04-07,0,NA,NA,NA
2023-04-08,0,NA,NA,NA
2023-04-09,0,NA,NA,NA
2023-04-10,0,NA,NA,NA
2023-04-11,0,NA,NA,NA
2023-04-12,0,NA,NA,NA
2023-04-13,0,3.6327772059421024,5.386173395688,NA
2023-04-13,0,0.9261160238836059,NA,2.120021616456
2023-04-14,0,NA,NA,NA
2023-04-15,5.6,NA,NA,NA
2023-04-16,9.4,NA,NA,NA
2023-04-17,0,NA,NA,NA
2023-04-18,0,NA,NA,NA
2023-04-19,0,0.26680796661008804,0.770036821344,NA
2023-04-19,0,0.3970630600072185,NA,1.40970712284
2023-04-20,32.5,NA,NA,NA
2023-04-21,21.8,NA,NA,NA
2023-04-22,2,NA,NA,NA
2023-04-23,0,NA,NA,NA
2023-04-24,0,NA,NA,NA
2023-04-25,0,NA,NA,NA
2023-04-26,0,0.7417908128228274,2.101536134064,NA
2023-04-26,0,0.8482044914153176,NA,3.09155322132
2023-04-27,0,NA,NA,NA
2023-04-28,0,NA,NA,NA
2023-04-29,0.5,NA,NA,NA
2023-04-30,3.8,NA,NA,NA
2023-05-01,0,NA,NA,NA
2023-05-02,0,NA,NA,NA
2023-05-03,0,0.49635006488718336,1.6990003841040002,NA
2023-05-03,0,0.6710956507672426,NA,1.862646823152
2023-05-04,0,NA,NA,NA
2023-05-05,0,NA,NA,NA
2023-05-06,29.2,NA,NA,NA
2023-05-07,0,NA,NA,NA
2023-05-08,19.3,NA,NA,NA
2023-05-09,8.6,NA,NA,NA
2023-05-10,0,14.617236979308828,24.62471985024,NA
2023-05-10,0,0.5570820728842231,NA,2.7044539752960004
2023-05-11,0,NA,NA,NA
2023-05-12,9.1,3.8105884534389873,7.754069901239999,NA
2023-05-12,9.1,6.674911241167615,NA,13.145447066112002
2023-05-13,0,NA,NA,NA
2023-05-14,6.9,NA,NA,NA
2023-05-15,0.8,0.8382116372496771,2.310019700616,NA
2023-05-15,0.8,0.432806570879635,NA,2.27316975372
2023-05-16,0,NA,NA,NA
2023-05-17,0,1.5643094102642714,3.1237742340000003,NA
2023-05-17,0,0.40295794575526,NA,1.831817516184
2023-05-18,0,NA,NA,NA
2023-05-19,0.5,NA,NA,NA
2023-05-20,0,NA,NA,NA
2023-05-21,0,NA,NA,NA
2023-05-22,0,NA,NA,NA
2023-05-23,0,NA,NA,NA
2023-05-24,0,NA,NA,NA
2023-05-25,0,NA,NA,NA
2023-05-26,0,NA,NA,NA
2023-05-27,0,NA,NA,NA
2023-05-28,0,NA,NA,NA
2023-05-29,0,NA,NA,NA
2023-05-30,0,NA,NA,NA
2023-05-31,4.6,2.9622167590413393,12.632028676272,NA
2023-05-31,4.6,18.313211915487702,NA,25.357906724688
2023-06-01,0,NA,NA,NA
2023-06-02,19.1,2.405324556839273,17.297480039976,NA
2023-06-02,19.1,26.14127456861137,NA,55.798766441855996
2023-06-03,0,NA,NA,NA
2023-06-04,0,NA,NA,NA
2023-06-05,0.3,1.0517415388861286,5.601948289992,NA
2023-06-05,0.3,0.791124246508721,NA,3.8608034263919997
2023-06-06,0,NA,NA,NA
2023-06-07,0.5,0.6033357456435867,2.4661025216640002,NA
2023-06-07,0.5,0.611185272467876,NA,1.7117461609508573
2023-06-08,0.8,NA,NA,NA
2023-06-09,0,0.737149824282824,3.507975773928,NA
2023-06-09,0,0.1882986029399073,NA,1.432821539448
2023-06-10,0,NA,NA,NA
2023-06-11,2,NA,NA,NA
2023-06-12,0,0.5057637943501477,2.5605267287760003,NA
2023-06-12,0,0.2643677519602937,NA,1.53208646208
2023-06-13,0,NA,NA,NA
2023-06-14,0,0.40768366100669734,2.61716310036,NA
2023-06-14,0,0.3965562958171518,NA,2.034734259888
2023-06-15,0,NA,NA,NA
2023-06-16,0,0.09814550716800018,1.3826293704000001,NA
2023-06-17,0,NA,NA,NA
2023-06-18,50.8,NA,NA,NA
2023-06-19,0,NA,NA,NA
2023-06-20,0,NA,NA,NA
2023-06-21,0,NA,NA,NA
2023-06-22,0,NA,NA,NA
2023-06-23,0,NA,NA,NA
2023-06-24,0,NA,NA,NA
2023-06-25,6.4,NA,NA,NA
2023-06-26,0,NA,NA,NA
2023-06-27,0,NA,NA,NA
2023-06-28,1,NA,NA,NA
2023-06-29,0,NA,NA,NA
2023-06-30,0.8,NA,NA,NA
2023-07-01,4.3,NA,NA,NA
2023-07-02,8.6,NA,NA,NA
2023-07-03,0,NA,NA,NA
2023-07-04,0,NA,NA,NA
2023-07-05,0,NA,NA,NA
2023-07-06,0,NA,NA,NA
2023-07-07,0,3.612518915069636,7.954324251408,NA
2023-07-07,0,0.12788670681614026,NA,1.6960051913760001
2023-07-08,4.6,NA,NA,NA
2023-07-09,0,NA,NA,NA
2023-07-10,0,NA,NA,NA
2023-07-11,0,NA,NA,NA
2023-07-12,2,NA,NA,NA
2023-07-13,62,6.5695307084840415,15.967463196384,NA
2023-07-13,62,5.490197451359067,NA,16.67565987696
2023-07-14,0,NA,NA,NA
2023-07-15,0,NA,NA,NA
2023-07-16,0,NA,NA,NA
2023-07-17,0,NA,NA,NA
2023-07-18,0,NA,NA,NA
2023-07-19,0,2.991077844891728,6.400726859735999,NA
2023-07-19,0,0.2823056670180572,NA,1.8670034671200002
2023-07-20,0,NA,NA,NA
2023-07-21,0,NA,NA,NA
2023-07-22,0.5,NA,NA,NA
2023-07-23,1.3,NA,NA,NA
2023-07-24,0,NA,NA,NA
2023-07-25,0,NA,NA,NA
2023-07-26,0,0.8974304410326465,3.151668857184,NA
2023-07-26,0,0.18409818368915148,NA,0.610262954712
2023-07-27,4.6,NA,NA,NA
2023-07-28,0,NA,NA,NA
2023-07-29,0,NA,NA,NA
2023-07-30,0,NA,NA,NA
2023-07-31,0,NA,NA,NA
2023-08-01,0,NA,NA,NA
2023-08-02,0,0.3143100968397591,1.62360623988,NA
2023-08-02,0,0.28775002984811904,NA,0.830727292176
2023-08-03,0,NA,NA,NA
2023-08-04,0,NA,NA,NA
2023-08-05,0,NA,NA,NA
2023-08-06,26.2,NA,NA,NA
2023-08-07,21.6,NA,NA,NA
2023-08-08,0,NA,NA,NA
2023-08-09,0.5,NA,NA,NA
2023-08-10,15,0.22061560982399994,2.4105553110720006,NA
2023-08-10,15,0.12755285395200003,NA,0.9061819453439999
2023-08-11,35.6,0.441002986636149,2.274470696016,NA
2023-08-11,35.6,0.3657741619869418,NA,1.547697769632
2023-08-12,0,NA,NA,NA
2023-08-13,0,NA,NA,NA
2023-08-14,0.5,NA,NA,NA
2023-08-15,3.6,NA,NA,NA
2023-08-16,0,NA,NA,NA
2023-08-17,0,NA,NA,NA
2023-08-18,0,0.47072958207733184,1.349682250392,NA
2023-08-18,0,0.5789351204847957,NA,1.485071012592
2023-08-19,0,NA,NA,NA
2023-08-20,0,NA,NA,NA
2023-08-21,0,NA,NA,NA
2023-08-22,0,NA,NA,NA
2023-08-23,0,NA,NA,NA
2023-08-24,0,NA,NA,NA
2023-08-25,0,0.5996640080518673,2.321818944696,NA
2023-08-25,0,0.4040568310348017,NA,1.957827392064
2023-08-26,0,NA,NA,NA
2023-08-27,0,NA,NA,NA
2023-08-28,0,NA,NA,NA
2023-08-29,0,NA,NA,NA
2023-08-30,0,NA,NA,NA
2023-08-31,0,NA,NA,NA
2023-09-01,0,NA,NA,NA
2023-09-02,0,NA,NA,NA
2023-09-03,0,NA,NA,NA
2023-09-04,0,NA,NA,NA
2023-09-05,0,NA,NA,NA
2023-09-06,0,NA,NA,NA
2023-09-07,0,NA,NA,NA
2023-09-08,0,0.3352915627643503,1.422292983192,NA
2023-09-08,0,0.21420470641509892,NA,0.712281034296
2023-09-09,0,NA,NA,NA
2023-09-10,0,NA,NA,NA
2023-09-11,8.6,0.7540145252569872,3.163014284184,NA
2023-09-11,8.6,0.43136839091055235,NA,2.041450752672
2023-09-12,0,NA,NA,NA
2023-09-13,0,NA,NA,NA
2023-09-14,0,NA,NA,NA
2023-09-15,0,NA,NA,NA
2023-09-16,0,NA,NA,NA
2023-09-17,0,NA,NA,NA
2023-09-18,0,NA,NA,NA
2023-09-19,7.4,NA,NA,NA
2023-09-20,65,0.3263700810739648,1.01070106128,NA
2023-09-20,65,0.30550622044248193,NA,1.217863515888
2023-09-21,0,NA,NA,NA
2023-09-22,0,NA,NA,NA
2023-09-23,3.8,NA,NA,NA
2023-09-24,0,NA,NA,NA
2023-09-25,0,NA,NA,NA
2023-09-26,0,NA,NA,NA
2023-09-27,0,NA,NA,NA
2023-09-28,0,NA,NA,NA
2023-09-29,0,NA,NA,NA
2023-09-30,0,NA,NA,NA
2023-10-01,0,NA,NA,NA
2023-10-02,0,NA,NA,NA
2023-10-03,0,NA,NA,NA
2023-10-04,0.8,0.4356419760985805,2.2321144352160003,NA
2023-10-04,0.8,1.9242330595126258,NA,6.3266941667520005
2023-10-05,0,NA,NA,NA
2023-10-06,0,NA,NA,NA
2023-10-07,1.3,NA,NA,NA
2023-10-08,0,NA,NA,NA
2023-10-09,0,NA,NA,NA
2023-10-10,0,NA,NA,NA
2023-10-11,0,0.1742199053817497,0.581823751032,NA
2023-10-11,0,0.3912050250668481,NA,1.382447843568
2023-10-12,2.3,NA,NA,NA
2023-10-13,11.2,NA,NA,NA
2023-10-14,33.3,NA,NA,NA
2023-10-15,0.3,NA,NA,NA
2023-10-16,0,NA,NA,NA
2023-10-17,0,NA,NA,NA
2023-10-18,0,0.23892284919131412,0.984873827016,NA
2023-10-18,0,0.2327321104382961,NA,1.3335263623440001
2023-10-19,0,NA,NA,NA
2023-10-20,0,NA,NA,NA
2023-10-21,0,NA,NA,NA
2023-10-22,0,NA,NA,NA
2023-10-23,4.6,NA,NA,NA
2023-10-24,0,NA,NA,NA
2023-10-25,2.3,0.6702142827237242,1.8107301492000003,NA
2023-10-25,2.3,0.811204043188817,NA,2.11887194652
2023-10-26,4.8,NA,NA,NA
2023-10-27,7.6,NA,NA,NA
2023-10-28,2.3,NA,NA,NA
2023-10-29,0,NA,NA,NA
2023-10-30,0,NA,NA,NA
2023-10-31,0,NA,NA,NA
2023-11-01,0,NA,NA,NA
2023-11-02,0,NA,NA,NA
2023-11-03,0,NA,NA,NA
2023-11-04,0,NA,NA,NA
2023-11-05,0,NA,NA,NA
2023-11-06,0,NA,NA,NA
2023-11-07,0,NA,NA,NA
2023-11-08,0,NA,NA,NA
2023-11-09,0,NA,NA,NA
2023-11-10,0,NA,NA,NA
2023-11-11,0,NA,NA,NA
2023-11-12,0,NA,NA,NA
2023-11-13,0,NA,NA,NA
2023-11-14,0,NA,NA,NA
2023-11-15,0,0.1624545775994271,0.6629705670034286,NA
2023-11-15,0,0.24662468082556022,NA,0.7624126944
2023-11-16,0,NA,NA,NA
2023-11-17,0,NA,NA,NA
2023-11-18,0,NA,NA,NA
2023-11-19,0,NA,NA,NA
2023-11-20,0,NA,NA,NA
2023-11-21,1,NA,NA,NA
2023-11-22,0.3,NA,NA,NA
2023-11-23,0,NA,NA,NA
2023-11-24,0,NA,NA,NA
2023-11-25,0.3,NA,NA,NA
2023-11-26,3,NA,NA,NA
2023-11-27,0,NA,NA,NA
2023-11-28,0,NA,NA,NA
2023-11-29,0,NA,NA,NA
2023-11-30,0,NA,NA,NA
2023-12-01,0,NA,NA,NA
2023-12-02,0,NA,NA,NA
2023-12-03,0,NA,NA,NA
2023-12-04,0,NA,NA,NA
2023-12-05,0,NA,NA,NA
2023-12-06,0,NA,NA,NA
2023-12-07,0,NA,NA,NA
2023-12-08,0,NA,NA,NA
2023-12-09,0,NA,NA,NA
2023-12-10,0,NA,NA,NA
2023-12-11,0,NA,NA,NA
2023-12-12,0,NA,NA,NA
2023-12-13,0,NA,NA,NA
2023-12-14,0,NA,NA,NA
2023-12-15,0,0.287009748488616,0.7987180608000001,NA
2023-12-15,0,0.14404828467579717,NA,0.40008513772800003
2023-12-16,2,NA,NA,NA
2023-12-17,1.5,NA,NA,NA
2023-12-18,0,NA,NA,NA
2023-12-19,0,NA,NA,NA
2023-12-20,0,NA,NA,NA
2023-12-21,0,NA,NA,NA
2023-12-22,0,NA,NA,NA
2023-12-23,0.5,NA,NA,NA
2023-12-24,0,NA,NA,NA
2023-12-25,20.1,NA,NA,NA
2023-12-26,12.4,NA,NA,NA
2023-12-27,0.5,NA,NA,NA
2023-12-28,0.5,NA,NA,NA
2023-12-29,0,NA,NA,NA
2023-12-30,0,NA,NA,NA
2023-12-31,0,NA,NA,NA
2024-01-01,0,NA,NA,NA
2024-01-02,0,NA,NA,NA
2024-01-03,0,NA,NA,NA
2024-01-04,0,NA,NA,NA
2024-01-05,0,NA,NA,NA
2024-01-06,0,NA,NA,NA
2024-01-07,0,NA,NA,NA
2024-01-08,0,NA,NA,NA
2024-01-09,11.9,NA,NA,NA
2024-01-10,3.6,NA,NA,NA
2024-01-11,0.3,NA,NA,NA
2024-01-12,2,NA,NA,NA
2024-01-13,10.2,NA,NA,NA
2024-01-14,0.3,NA,NA,NA
2024-01-15,0,NA,NA,NA
2024-01-16,0,NA,NA,NA
2024-01-17,0,NA,NA,NA
2024-01-18,0.5,NA,NA,NA
2024-01-19,3.3,NA,NA,NA
2024-01-20,0,NA,NA,NA
2024-01-21,0,NA,NA,NA
2024-01-22,0,NA,NA,NA
2024-01-23,0,NA,NA,NA
2024-01-24,0.5,NA,NA,NA
2024-01-25,0,NA,NA,NA
2024-01-26,9.7,NA,NA,NA
2024-01-27,0,NA,NA,NA
2024-01-28,0,NA,NA,NA
2024-01-29,0,NA,NA,NA
2024-01-30,0,NA,NA,NA
2024-01-31,0,0.3224739570952268,0.938372703552,NA
2024-01-31,0,1.5931352320731234,NA,3.1928451935760003
2024-02-01,0,NA,NA,NA
2024-02-02,0,NA,NA,NA
2024-02-03,0,NA,NA,NA
2024-02-04,0,NA,NA,NA
2024-02-05,0,NA,NA,NA
2024-02-06,0,NA,NA,NA
2024-02-07,0,NA,NA,NA
2024-02-08,0,NA,NA,NA
2024-02-09,0,NA,NA,NA
2024-02-10,0,NA,NA,NA
2024-02-11,0,NA,NA,NA
2024-02-12,0,NA,NA,NA
2024-02-13,0,NA,NA,NA
2024-02-14,0,0.07845260610338553,0.23450241247200002,NA
2024-02-14,0,0.08122648982340176,NA,0.246180638664
2024-02-15,0,NA,NA,NA
2024-02-16,3,NA,NA,NA
2024-02-17,0.3,NA,NA,NA
2024-02-18,0,NA,NA,NA
2024-02-19,0,NA,NA,NA
2024-02-20,0,NA,NA,NA
2024-02-21,0,NA,NA,NA
2024-02-22,0,NA,NA,NA
2024-02-23,0,NA,NA,NA
2024-02-24,0,NA,NA,NA
2024-02-25,0,NA,NA,NA
2024-02-26,0,NA,NA,NA
2024-02-27,0,NA,NA,NA
2024-02-28,0,NA,NA,NA
2024-02-29,0,0.1559360769816033,0.246815982576,NA
2024-02-29,0,0.03098057932800001,NA,0.03098057932800001
2024-03-01,0,NA,NA,NA
2024-03-02,0,NA,NA,NA
2024-03-03,0,NA,NA,NA
2024-03-04,0.3,NA,NA,NA
2024-03-05,3,NA,NA,NA
2024-03-06,0,NA,NA,NA
2024-03-07,0,NA,NA,NA
2024-03-08,2.8,NA,NA,NA
2024-03-09,0.5,NA,NA,NA
2024-03-10,0,NA,NA,NA
2024-03-11,0,NA,NA,NA
2024-03-12,0,NA,NA,NA
2024-03-13,0,0.9971562383835287,1.089264721618286,NA
2024-03-13,0,0.12351925741093274,NA,0.22215858789600001
2024-03-14,1.5,NA,NA,NA
2024-03-15,0,NA,NA,NA
2024-03-16,0,NA,NA,NA
2024-03-17,0,NA,NA,NA
2024-03-18,0,NA,NA,NA
2024-03-19,0,NA,NA,NA
2024-03-20,0,NA,NA,NA
2024-03-21,0,NA,NA,NA
2024-03-22,24.9,NA,NA,NA
2024-03-23,19.1,NA,NA,NA
2024-03-24,0,NA,NA,NA
2024-03-25,26.9,NA,NA,NA
2024-03-26,19.6,NA,NA,NA
2024-03-27,0,NA,NA,NA
2024-03-28,0,NA,NA,NA
2024-03-29,0,0.7838565617728214,1.949809956984,NA
2024-03-29,0,0.5911137427438573,NA,1.08704317896
2024-03-30,0,NA,NA,NA
2024-03-31,0,NA,NA,NA
2024-04-01,2.5,NA,NA,NA
2024-04-02,3.3,NA,NA,NA
2024-04-03,4.6,NA,NA,NA
2024-04-04,0,NA,NA,NA
2024-04-05,0,NA,NA,NA
2024-04-06,0,NA,NA,NA
2024-04-07,5.6,NA,NA,NA
2024-04-08,1.3,NA,NA,NA
2024-04-09,0,NA,NA,NA
2024-04-10,0,NA,NA,NA
2024-04-11,0,NA,NA,NA
2024-04-12,0.5,NA,NA,NA
2024-04-13,0,NA,NA,NA
2024-04-14,0,NA,NA,NA
2024-04-15,0,NA,NA,NA
2024-04-16,1.3,NA,NA,NA
2024-04-17,30.2,NA,NA,NA
2024-04-18,2.5,NA,NA,NA
2024-04-19,6.9,0.49483487488153455,2.153957049216,NA
2024-04-19,6.9,2.5786890602548134,NA,4.244218350048
2024-04-20,0,NA,NA,NA
2024-04-21,0,NA,NA,NA
2024-04-22,0,NA,NA,NA
2024-04-23,0,NA,NA,NA
2024-04-24,0,NA,NA,NA
2024-04-25,0,0.15790090543606514,0.589236096672,NA
2024-04-25,0,0.6623195240097132,NA,0.811485447984
2024-04-26,0,NA,NA,NA
2024-04-27,36.3,NA,NA,NA
2024-04-28,5.1,NA,NA,NA
2024-04-29,14.5,3.3425205271483573,7.639751697984,NA
2024-04-29,14.5,0.6355270242670675,NA,1.574351959464
2024-04-30,0,NA,NA,NA
2024-05-01,2,0.734706002098092,2.642849147088,NA
2024-05-01,2,0.2302989506398171,NA,1.2113588044080001
2024-05-02,11.9,NA,NA,NA
2024-05-03,14.5,1.2159042047473783,3.6831794212799998,NA
2024-05-03,14.5,0.30114516232849514,NA,1.740479265216
2024-05-04,0,NA,NA,NA
2024-05-05,15,NA,NA,NA
2024-05-06,0,1.7774217679465558,4.024843173576,NA
2024-05-06,0,0.07952359785796617,NA,0.370102955976
2024-05-07,35.3,NA,NA,NA
2024-05-08,0.8,0.6873629315702641,1.934652466512,NA
2024-05-08,0.8,0.16480919448174156,NA,1.0580291403120001
2024-05-09,5.8,NA,NA,NA
2024-05-10,0.3,0.6486791522046522,2.291745999528,NA
2024-05-10,0.3,0.2253691453454016,NA,1.11623874444
2024-05-11,0,NA,NA,NA
2024-05-12,0,NA,NA,NA
2024-05-13,2.5,NA,NA,NA
2024-05-14,1.5,NA,NA,NA
2024-05-15,0,0.4543249900815735,1.7696748306960002,NA
2024-05-15,0,0.13698992589415188,NA,0.79478497944
2024-05-16,0.5,NA,NA,NA
2024-05-17,0,NA,NA,NA
2024-05-18,0,NA,NA,NA
2024-05-19,0,NA,NA,NA
2024-05-20,21.6,NA,NA,NA
2024-05-21,28.4,NA,NA,NA
2024-05-22,52.8,NA,NA,NA
2024-05-23,0,NA,NA,NA
2024-05-24,10.4,NA,NA,NA
2024-05-25,4.6,NA,NA,NA
2024-05-26,8.9,NA,NA,NA
2024-05-27,0,NA,NA,NA
2024-05-28,2,NA,NA,NA
2024-05-29,1.5,NA,NA,NA
2024-05-30,0,NA,NA,NA
2024-05-31,0,1.57447006079883,5.0972129336159995,NA
2024-05-31,0,0.8983727233881524,NA,2.523495255048
2024-06-01,2.3,NA,NA,NA
2024-06-02,0,NA,NA,NA
2024-06-03,0,NA,NA,NA
2024-06-04,0,NA,NA,NA
2024-06-05,13.7,10.814485867721364,49.356258156288,NA
2024-06-05,13.7,3.096574820625526,NA,17.544840603048
2024-06-06,2,NA,NA,NA
2024-06-07,0,NA,NA,NA
2024-06-08,0,NA,NA,NA
2024-06-09,0,NA,NA,NA
2024-06-10,0,NA,NA,NA
2024-06-11,0,NA,NA,NA
2024-06-12,0,0.7920636750337395,2.12144357664,NA
2024-06-12,0,0.22103904938378272,NA,0.632742027408
2024-06-13,0,NA,NA,NA
2024-06-14,0,NA,NA,NA
2024-06-15,0,NA,NA,NA
2024-06-16,6.4,NA,NA,NA
2024-06-17,0,0.5630075700025401,2.528236563017143,NA
2024-06-17,0,0.3269362740720937,NA,1.158413478408
2024-06-18,0,NA,NA,NA
2024-06-19,34.3,NA,NA,NA
2024-06-20,1.5,NA,NA,NA
2024-06-21,0,33.351171810396274,75.154878412992,NA
2024-06-21,0,2.871449720700659,NA,6.618528803664
2024-06-22,2.5,NA,NA,NA
2024-06-23,0,NA,NA,NA
2024-06-24,3.3,NA,NA,NA
2024-06-25,0,NA,NA,NA
2024-06-26,0,NA,NA,NA
2024-06-27,0,NA,NA,NA
2024-06-28,14,NA,NA,NA
2024-06-29,31.2,NA,NA,NA
2024-06-30,0,NA,NA,NA
2024-07-01,0,2.184429577077144,5.991388175643428,NA
2024-07-01,0,1.3803170837798557,NA,3.989415186864
2024-07-02,11.7,NA,NA,NA
2024-07-03,9.1,43.57884483228664,57.296947725648,NA
2024-07-03,9.1,19.681170675098407,NA,52.670494376351996
2024-07-04,0.8,NA,NA,NA
2024-07-05,0.5,NA,NA,NA
2024-07-06,1,NA,NA,NA
2024-07-07,3.6,NA,NA,NA
2024-07-08,24.9,NA,NA,NA
2024-07-09,0,NA,NA,NA
2024-07-10,0,0.7969427305064898,1.6329185663616002,NA
2024-07-10,0,2.310403201759499,NA,4.228122970944001
2024-07-11,3.8,NA,NA,NA
2024-07-12,0,NA,NA,NA
2024-07-13,0,NA,NA,NA
2024-07-14,0,NA,NA,NA
2024-07-15,0,NA,NA,NA
2024-07-16,7.6,NA,NA,NA
2024-07-17,0.3,1.083960896740571,5.265038811867429,NA
2024-07-17,0.3,0.41060525468802767,NA,2.354070211848
2024-07-18,0,NA,NA,NA
2024-07-19,0,0.7201107943486914,3.287118128328,NA
2024-07-19,0,0.3874889834771014,NA,1.579858273368
2024-07-20,6.1,NA,NA,NA
2024-07-21,9.9,NA,NA,NA
2024-07-22,0,4.459543177650083,15.577210762056,NA
2024-07-22,0,1.6724160267381054,NA,8.080334127288
2024-07-23,5.1,NA,NA,NA
2024-07-24,5.8,NA,NA,NA
2024-07-25,0,NA,NA,NA
2024-07-26,0,NA,NA,NA
2024-07-27,0,NA,NA,NA
2024-07-28,0,NA,NA,NA
2024-07-29,11.9,NA,NA,NA
2024-07-30,6.4,NA,NA,NA
2024-07-31,18.3,2.2493584978561474,16.69804818624,NA
2024-07-31,18.3,2.444557784702868,NA,8.005061000952
2024-08-01,1.5,NA,NA,NA
2024-08-02,0,NA,NA,NA
2024-08-03,0,NA,NA,NA
2024-08-04,0,NA,NA,NA
2024-08-05,0,NA,NA,NA
2024-08-06,0,NA,NA,NA
2024-08-07,0,0.34319756795042955,1.34874436176,NA
2024-08-07,0,0.2006550402880483,NA,0.6165558848880001
2024-08-08,0,NA,NA,NA
2024-08-09,0,NA,NA,NA
2024-08-10,0,NA,NA,NA
2024-08-11,0,NA,NA,NA
2024-08-12,8.9,NA,NA,NA
2024-08-13,4.6,NA,NA,NA
2024-08-14,0,NA,NA,NA
2024-08-15,13.2,NA,NA,NA
2024-08-16,0.8,NA,NA,NA
2024-08-17,0,NA,NA,NA
2024-08-18,0,NA,NA,NA
2024-08-19,0,NA,NA,NA
2024-08-20,0,NA,NA,NA
2024-08-21,5.1,NA,NA,NA
2024-08-22,0,NA,NA,NA
2024-08-23,0,0.17341703496506436,1.071129326688,NA
2024-08-23,0,0.14556846201974,NA,0.252766028736
2024-08-24,0,NA,NA,NA
2024-08-25,0,NA,NA,NA
2024-08-26,0,NA,NA,NA
2024-08-27,0,NA,NA,NA
2024-08-28,0.8,NA,NA,NA
2024-08-29,0,NA,NA,NA
2024-08-30,20.8,1.2394136636781135,5.357855209896001,NA
2024-08-30,20.8,2.2804165954125177,NA,4.37313265524
2024-08-31,0,NA,NA,NA
2024-09-01,0,NA,NA,NA
2024-09-02,0,NA,NA,NA
2024-09-03,0,NA,NA,NA
2024-09-04,0,NA,NA,NA
2024-09-05,0,NA,NA,NA
2024-09-06,0.5,NA,NA,NA
2024-09-07,0,NA,NA,NA
2024-09-08,0,NA,NA,NA
2024-09-09,0,NA,NA,NA
2024-09-10,0,NA,NA,NA
2024-09-11,0,NA,NA,NA
2024-09-12,0,NA,NA,NA
2024-09-13,0,0.2997518247857941,0.9761000301360001,NA
2024-09-13,0,0.11174056974214851,NA,0.27071701545599997
2024-09-14,0,NA,NA,NA
2024-09-15,0,NA,NA,NA
2024-09-16,0,NA,NA,NA
2024-09-17,0,NA,NA,NA
2024-09-18,0,NA,NA,NA
2024-09-19,0,NA,NA,NA
2024-09-20,3.6,NA,NA,NA
2024-09-21,0,NA,NA,NA
2024-09-22,10.2,NA,NA,NA
2024-09-23,0,NA,NA,NA
2024-09-24,0,NA,NA,NA
2024-09-25,1.3,NA,NA,NA
2024-09-26,0,NA,NA,NA
2024-09-27,0,NA,NA,NA
2024-09-28,0,NA,NA,NA
2024-09-29,0,NA,NA,NA
2024-09-30,0,NA,NA,NA
2024-10-01,0,NA,NA,NA
2024-10-02,0,NA,NA,NA
2024-10-03,0,NA,NA,NA
2024-10-04,0,NA,NA,NA
2024-10-05,0,NA,NA,NA
2024-10-06,0,NA,NA,NA
2024-10-07,0,NA,NA,NA
2024-10-08,0,NA,NA,NA
2024-10-09,0,NA,NA,NA
2024-10-10,0,NA,NA,NA
2024-10-11,0,NA,NA,NA
2024-10-12,0,NA,NA,NA
2024-10-13,0,NA,NA,NA
2024-10-14,0,NA,NA,NA
2024-10-15,0,NA,NA,NA
2024-10-16,0,NA,NA,NA
2024-10-17,0,NA,NA,NA
2024-10-18,0,NA,NA,NA
2024-10-19,0,NA,NA,NA
2024-10-20,0,NA,NA,NA
2024-10-21,0,NA,NA,NA
2024-10-22,1.3,NA,NA,NA
2024-10-23,0,NA,NA,NA
2024-10-24,0,NA,NA,NA
2024-10-25,4.1,NA,NA,NA
2024-10-26,0,NA,NA,NA
2024-10-27,0,NA,NA,NA
2024-10-28,0,NA,NA,NA
2024-10-29,0,NA,NA,NA
2024-10-30,0,NA,NA,NA
2024-10-31,39.4,NA,NA,NA
2024-11-01,0,2.712096444797089,7.5813471205919996,NA
2024-11-01,0,0.4119203612732704,NA,2.6763711020640004
2024-11-02,0,NA,NA,NA
2024-11-03,41.7,NA,NA,NA
2024-11-04,5.3,NA,NA,NA
2024-11-05,13.5,NA,NA,NA
2024-11-06,0.5,NA,NA,NA
2024-11-07,0,NA,NA,NA
2024-11-08,0,NA,NA,NA
2024-11-09,0,NA,NA,NA
2024-11-10,4.6,NA,NA,NA
2024-11-11,0.8,NA,NA,NA
2024-11-12,0,NA,NA,NA
2024-11-13,0,NA,NA,NA
2024-11-14,14.2,NA,NA,NA
2024-11-15,0,NA,NA,NA
2024-11-16,0,NA,NA,NA
2024-11-17,0.3,NA,NA,NA
2024-11-18,0,NA,NA,NA
2024-11-19,18,NA,NA,NA
2024-11-20,0,NA,NA,NA
2024-11-21,0,NA,NA,NA
2024-11-22,0,NA,NA,NA
2024-11-23,0,NA,NA,NA
2024-11-24,0,NA,NA,NA
2024-11-25,0,NA,NA,NA
2024-11-26,0,NA,NA,NA
2024-11-27,0,NA,NA,NA
2024-11-28,0,NA,NA,NA
2024-11-29,0,NA,NA,NA
2024-11-30,0,NA,NA,NA
2024-12-01,0,NA,NA,NA
2024-12-02,0.3,NA,NA,NA
2024-12-03,0,NA,NA,NA
2024-12-04,0,NA,NA,NA
2024-12-05,0,NA,NA,NA
2024-12-06,0,NA,NA,NA
2024-12-07,0,NA,NA,NA
2024-12-08,0,NA,NA,NA
2024-12-09,0,NA,NA,NA
2024-12-10,0,NA,NA,NA
2024-12-11,0.5,NA,NA,NA
2024-12-12,0,NA,NA,NA
2024-12-13,0,NA,NA,NA
2024-12-14,1.3,NA,NA,NA
2024-12-15,4.3,NA,NA,NA
2024-12-16,0,NA,NA,NA
2024-12-17,0,NA,NA,NA
2024-12-18,1.3,NA,NA,NA
2024-12-19,0,NA,NA,NA
2024-12-20,0,NA,NA,NA
2024-12-21,0,NA,NA,NA
2024-12-22,0,NA,NA,NA
2024-12-23,0,NA,NA,NA
2024-12-24,0,NA,NA,NA
2024-12-25,0,NA,NA,NA
2024-12-26,0,NA,NA,NA
2024-12-27,2.8,NA,NA,NA
2024-12-28,13,NA,NA,NA
2024-12-29,0,NA,NA,NA
2024-12-30,0,NA,NA,NA
2024-12-31,8.1,NA,NA,NA
